{
  "RandomBot": {
    "avg_pnl": -121.32399999999956,
    "avg_reward": -0.10717059321517625,
    "win_rate": 0.22,
    "parse_fail_rate": 0.0,
    "participation": 0.5888
  },
  "MarketMakerBot": {
    "avg_pnl": 44.0021999999999,
    "avg_reward": 0.06814772640512683,
    "win_rate": 0.76,
    "parse_fail_rate": 0.0,
    "participation": 1.0
  },
  "HoldBaseline": {
    "avg_pnl": 0.0,
    "avg_reward": -0.02,
    "win_rate": 0.0,
    "parse_fail_rate": 0.0,
    "participation": 0.0
  },
  "Trained Stage 1": {
    "avg_pnl": -147.27820000000193,
    "avg_reward": -0.06948070282037302,
    "win_rate": 0.5,
    "parse_fail_rate": 0.0,
    "participation": 1.0
  },
  "InformedBot": {
    "avg_pnl": 277.2513999999997,
    "avg_reward": 0.2512871017908198,
    "win_rate": 0.94,
    "parse_fail_rate": 0.0,
    "participation": 0.39
  }
}