{
  "probe2_true_value": {
    "accuracy": 0.7222222222222222,
    "std": 0.1405456737852613,
    "per_fold": [
      0.7777777777777778,
      0.4444444444444444,
      0.8333333333333334,
      0.7777777777777778,
      0.7777777777777778
    ],
    "n_samples": 90
  },
  "probe3_signal": {
    "accuracy": 0.7444444444444445,
    "std": 0.13877773329774218,
    "per_fold": [
      0.6666666666666666,
      0.6666666666666666,
      0.6111111111111112,
      1.0,
      0.7777777777777778
    ],
    "n_samples": 90
  }
}